config,n_features,sparsity,avg_similarity,std_similarity
"Baseline (unigrams, 5000 features)",1528,97.67561598967768,0.05298091386180682,0.06652622699530976
"Bigrams (unigrams + bigrams, 6000 features)",2490,98.12196653914235,0.0474000612726958,0.06988937384784835
"Dutch stopwords (unigrams, 5000 features)",1472,97.68667576756646,0.0531728215244751,0.06648829287696896
